USE dbGenesisFEPortalWebApp


/************************************/
/* Datos Iniciales                 */
/************************************/

-- Tenant inicial de sistema
INSERT INTO Core.Tenants (Name, Identification, CommercialName, IsActive)
VALUES ('Sistema', '0000000000', 'Sistema', 1);

-- Usuario administrador inicial
INSERT INTO Security.Users (
    TenantId,
    Email,
    Username,
    PasswordHash,
    FirstName,
    LastName,
    RoleId,
    EmailConfirmed,
    IsActive
)
SELECT 
    t.ID,
    'admin@system.com',
    'admin',
    -- Password: Admin123!
    '$2a$11$XEyJPaiE7dT2u3UnS4MGOOyXeH4.bosU3k/nJ9.TgJBWoCJh7w6ge',
    'Admin',
    'System',
    r.ID,
    1,
    1
FROM Core.Tenants t
CROSS JOIN Security.Roles r
WHERE t.Name = 'Sistema'
AND r.Name = 'SuperAdmin';
GO


-- Roles

-- Insertar roles básicos del sistema
INSERT INTO Security.Roles (Name, Description, IsSystem, Permissions)
VALUES 
('SuperAdmin', 'Administrador del sistema con acceso total', 1, '*'),
('TenantAdmin', 'Administrador de empresa con acceso total a su tenant', 1, 'tenant.*'),
('User', 'Usuario básico con acceso limitado', 1, 'basic.*'),
('Guest', 'Usuario invitado con acceso de solo lectura', 1, 'read.*');




-- En DatosIniciales.sql
-- Asegurarse de que todos los tenants tienen un secreto JWT
INSERT INTO Security.Secrets (
    TenantId,
    [Key],
    EncryptedValue,
    Description,
    IsEncrypted,
    IsActive,
    CreatedAt
)
SELECT 
    t.ID,
    'JWT_SECRET',
    'hdxV67hapHBoOIIwiERrw/WRmeVfUnsgKevLvNBMrDBBlLm6C5sWJcGTDeJKmEGAbIj1I+EJ8viKymRXVXfYPMcal1NWgFv9hl47mwaAcCFm9HlKX7aajHEETrtkJ8HO6mP+k6JNHcgmpWO4IuSs/w==', -- Deberías cambiarlo en producción
    'JWT signing key for authentication',
    0, -- No encriptado inicialmente
    1,
    GETUTCDATE()
FROM Core.Tenants t
WHERE NOT EXISTS (
    SELECT 1 
    FROM Security.Secrets s 
    WHERE s.TenantId = t.ID 
    AND s.[Key] = 'JWT_SECRET'
);

select * from Security.Secrets
-- Catalogos 

-- Catalogo de tipos de indentificaciones
INSERT Catalog.IdentificationTypes ([ID], [Description]) VALUES (N'', N'Sin ID');
INSERT Catalog.IdentificationTypes ([ID], [Description]) VALUES (N'01', N'Cédula física');
INSERT Catalog.IdentificationTypes ([ID], [Description]) VALUES (N'02', N'Cédula jurídica');
INSERT Catalog.IdentificationTypes ([ID], [Description]) VALUES (N'03', N'DIMEX Doc Migratorio Extranjero');
INSERT Catalog.IdentificationTypes ([ID], [Description]) VALUES (N'04', N'NITE - Documento de Identificación de la DGT');
GO

-- Insertar Regiones
INSERT INTO Catalog.Region (RegionName) VALUES 
('BRUNCA'),
('CENTRAL'),
('CHOROTEGA'),
('HUETAR CARIBE'),
('HUETAR NORTE'),
('PACIFICO CENTRAL');

-- Catalogo para las provincias de CR

INSERT INTO Catalog.Provinces (ProvinceID, ProvinceName) VALUES 
(1, 'SAN JOSE'),
(2, 'ALAJUELA'),
(3, 'CARTAGO'),
(4, 'HEREDIA'),
(5, 'GUANACASTE'),
(6, 'PUNTARENAS'),
(7, 'LIMON');

GO

-- Catalogo para los cantones de CR


INSERT INTO Catalog.Cantons (CantonID,ProvinceId,CantonName ) VALUES 
(101, 1, 'SAN JOSE'),
(102, 1, 'ESCAZU'),
(103, 1, 'DESAMPARADOS'),
(104, 1, 'PURISCAL'),
(105, 1, 'TARRAZU'),
(106, 1, 'ASERRI'),
(107, 1, 'MORA'),
(108, 1, 'GOICOECHEA'),
(109, 1, 'SANTA ANA'),
(110, 1, 'ALAJUELITA'),
(111, 1, 'VAZQUEZ DE CORONADO'),
(112, 1, 'ACOSTA'),
(113, 1, 'TIBAS'),
(114, 1, 'MORAVIA'),
(115, 1, 'MONTES DE OCA'),
(116, 1, 'TURRUBARES'),
(117, 1, 'DOTA'),
(118, 1, 'CURRIDABAT'),
(119, 1, 'PEREZ ZELEDON'),
(120, 1, 'LEON CORTES'),
-- Alajuela
(201, 2, 'ALAJUELA'),
(202, 2, 'SAN RAMON'),
(203, 2, 'GRECIA'),
(204, 2, 'SAN MATEO'),
(205, 2, 'ATENAS'),
(206, 2, 'NARANJO'),
(207, 2, 'PALMARES'),
(208, 2, 'POAS'),
(209, 2, 'OROTINA'),
(210, 2, 'SAN CARLOS'),
(211, 2, 'ZARCERO'),
(212, 2, 'SARCHI'),
(213, 2, 'UPALA'),
(214, 2, 'LOS CHILES'),
(215, 2, 'GUATUSO'),
(216, 2, 'RIO CUARTO'),
-- Cartago
(301, 3, 'CARTAGO'),
(302, 3, 'PARAISO'),
(303, 3, 'LA UNION'),
(304, 3, 'JIMENEZ'),
(305, 3, 'TURRIALBA'),
(306, 3, 'ALVARADO'),
(307, 3, 'OREAMUNO'),
(308, 3, 'EL GUARCO'),
-- Heredia
(401, 4, 'HEREDIA'),
(402, 4, 'BARVA'),
(403, 4, 'SANTO DOMINGO'),
(404, 4, 'SANTA BARBARA'),
(405, 4, 'SAN RAFAEL'),
(406, 4, 'SAN ISIDRO'),
(407, 4, 'BELEN'),
(408, 4, 'FLORES'),
(409, 4, 'SAN PABLO'),
(410, 4, 'SARAPIQUI'),
-- Guanacaste
(501, 5, 'LIBERIA'),
(502, 5, 'NICOYA'),
(503, 5, 'SANTA CRUZ'),
(504, 5, 'BAGACES'),
(505, 5, 'CARRILLO'),
(506, 5, 'CAÑAS'),
(507, 5, 'ABANGARES'),
(508, 5, 'TILARAN'),
(509, 5, 'NANDAYURE'),
(510, 5, 'LA CRUZ'),
(511, 5, 'HOJANCHA'),
-- Puntarenas
(601, 6, 'PUNTARENAS'),
(602, 6, 'ESPARZA'),
(603, 6, 'BUENOS AIRES'),
(604, 6, 'MONTES DE ORO'),
(605, 6, 'OSA'),
(606, 6, 'QUEPOS'),
(607, 6, 'GOLFITO'),
(608, 6, 'COTO BRUS'),
(609, 6, 'PARRITA'),
(610, 6, 'CORREDORES'),
(611, 6, 'GARABITO'),
(613, 6, 'PUERTO JIMÉNEZ'),
-- Limón
(701, 7, 'LIMON'),
(702, 7, 'POCOCI'),
(703, 7, 'SIQUIRRES'),
(704, 7, 'TALAMANCA'),
(705, 7, 'MATINA'),
(706, 7, 'GUACIMO');
GO

-- Catalogo para los distritos de CR -> Faltan algunos
-- Insertar Distritos
--TRUNCATE TABLE CATALOG.Districts
--DROP TABLE Customers
-- Insertar distritos de la región BRUNCA
INSERT INTO Catalog.Districts (DistrictID, CantonId, RegionID, DistrictName)
SELECT DistrictID, CantonId, r.RegionID, DistrictName
FROM (
    -- Pérez Zeledón (119)
    SELECT 11909 as DistrictID, 119 as CantonId, 'BRUNCA' as RegionName, 'BARU' as DistrictName UNION ALL
    SELECT 11908, 119, 'BRUNCA', 'CAJON' UNION ALL
    SELECT 11903, 119, 'BRUNCA', 'DANIEL FLORES' UNION ALL
    SELECT 11902, 119, 'BRUNCA', 'GENERAL' UNION ALL
    SELECT 11912, 119, 'BRUNCA', 'LA AMISTAD' UNION ALL
    SELECT 11911, 119, 'BRUNCA', 'PARAMO' UNION ALL
    SELECT 11907, 119, 'BRUNCA', 'PEJIBAYE' UNION ALL
    SELECT 11906, 119, 'BRUNCA', 'PLATANARES' UNION ALL
    SELECT 11910, 119, 'BRUNCA', 'RIO NUEVO' UNION ALL
    SELECT 11904, 119, 'BRUNCA', 'RIVAS' UNION ALL
    SELECT 11901, 119, 'BRUNCA', 'SAN ISIDRO DE EL GENERAL' UNION ALL
    SELECT 11905, 119, 'BRUNCA', 'SAN PEDRO' UNION ALL

    -- Buenos Aires (603)
    SELECT 60308, 603, 'BRUNCA', 'BIOLLEY' UNION ALL
    SELECT 60304, 603, 'BRUNCA', 'BORUCA' UNION ALL
    SELECT 60309, 603, 'BRUNCA', 'BRUNKA' UNION ALL
    SELECT 60301, 603, 'BRUNCA', 'BUENOS AIRES' UNION ALL
    SELECT 60307, 603, 'BRUNCA', 'CHANGUENA' UNION ALL
    SELECT 60306, 603, 'BRUNCA', 'COLINAS' UNION ALL
    SELECT 60305, 603, 'BRUNCA', 'PILAS' UNION ALL
    SELECT 60303, 603, 'BRUNCA', 'POTRERO GRANDE' UNION ALL
    SELECT 60302, 603, 'BRUNCA', 'VOLCAN' UNION ALL

    -- Osa (605)
    SELECT 60504, 605, 'BRUNCA', 'BAHIA BALLENA' UNION ALL
    SELECT 60506, 605, 'BRUNCA', 'BAHIA DRAKE' UNION ALL
    SELECT 60502, 605, 'BRUNCA', 'PALMAR' UNION ALL
    SELECT 60505, 605, 'BRUNCA', 'PIEDRAS BLANCAS' UNION ALL
    SELECT 60501, 605, 'BRUNCA', 'PUERTO CORTES' UNION ALL
    SELECT 60503, 605, 'BRUNCA', 'SIERPE' UNION ALL

    -- Golfito (607)
    SELECT 60701, 607, 'BRUNCA', 'GOLFITO' UNION ALL
    SELECT 60703, 607, 'BRUNCA', 'GUAYCARA' UNION ALL
    SELECT 60704, 607, 'BRUNCA', 'PAVON' UNION ALL

    -- Coto Brus (608)
    SELECT 60803, 608, 'BRUNCA', 'AGUA BUENA' UNION ALL
    SELECT 60806, 608, 'BRUNCA', 'GUTIERREZ BRAUN' UNION ALL
    SELECT 60804, 608, 'BRUNCA', 'LIMONCITO' UNION ALL
    SELECT 60805, 608, 'BRUNCA', 'PITTIER' UNION ALL
    SELECT 60802, 608, 'BRUNCA', 'SABALITO' UNION ALL
    SELECT 60801, 608, 'BRUNCA', 'SAN VITO' UNION ALL

    -- Corredores (610)
    SELECT 61003, 610, 'BRUNCA', 'CANOAS' UNION ALL
    SELECT 61001, 610, 'BRUNCA', 'CORREDOR' UNION ALL
    SELECT 61002, 610, 'BRUNCA', 'LA CUESTA' UNION ALL
    SELECT 61004, 610, 'BRUNCA', 'LAUREL' UNION ALL

    -- Puerto Jiménez (613)
    SELECT 61301, 613, 'BRUNCA', 'PUERTO JIMÉNEZ'
) AS DistritoTemp
JOIN Catalog.Region r ON DistritoTemp.RegionName = r.RegionName;


-- Insertar distritos de la región CENTRAL
INSERT INTO Catalog.Districts (DistrictID, CantonId, RegionID, DistrictName)
SELECT DistrictID, CantonId, r.RegionID, DistrictName
FROM (
    -- Provincia SAN JOSÉ (1)
    -- San José (101)
    SELECT 10101 as DistrictID, 101 as CantonId, 'CENTRAL' as RegionName, 'CARMEN' as DistrictName UNION ALL
    SELECT 10104, 101, 'CENTRAL', 'CATEDRAL' UNION ALL
    SELECT 10110, 101, 'CENTRAL', 'HATILLO' UNION ALL
    SELECT 10103, 101, 'CENTRAL', 'HOSPITAL' UNION ALL
    SELECT 10108, 101, 'CENTRAL', 'MATA REDONDA' UNION ALL
    SELECT 10102, 101, 'CENTRAL', 'MERCED' UNION ALL
    SELECT 10109, 101, 'CENTRAL', 'PAVAS' UNION ALL
    SELECT 10106, 101, 'CENTRAL', 'SAN FRANCISCO DE DOS RIOS' UNION ALL
    SELECT 10111, 101, 'CENTRAL', 'SAN SEBASTIAN' UNION ALL
    SELECT 10107, 101, 'CENTRAL', 'URUCA' UNION ALL
    SELECT 10105, 101, 'CENTRAL', 'ZAPOTE' UNION ALL

    -- Escazú (102)
    SELECT 10201, 102, 'CENTRAL', 'ESCAZU' UNION ALL
    SELECT 10202, 102, 'CENTRAL', 'SAN ANTONIO' UNION ALL
    SELECT 10203, 102, 'CENTRAL', 'SAN RAFAEL' UNION ALL

    -- Desamparados (103)
    SELECT 10310, 103, 'CENTRAL', 'DAMAS' UNION ALL
    SELECT 10301, 103, 'CENTRAL', 'DESAMPARADOS' UNION ALL
    SELECT 10306, 103, 'CENTRAL', 'FRAILES' UNION ALL
    SELECT 10312, 103, 'CENTRAL', 'GRAVILIAS' UNION ALL
    SELECT 10313, 103, 'CENTRAL', 'LOS GUIDO' UNION ALL
    SELECT 10307, 103, 'CENTRAL', 'PATARRA' UNION ALL
    SELECT 10309, 103, 'CENTRAL', 'ROSARIO' UNION ALL
    SELECT 10305, 103, 'CENTRAL', 'SAN ANTONIO' UNION ALL
    SELECT 10308, 103, 'CENTRAL', 'SAN CRISTOBAL' UNION ALL
    SELECT 10303, 103, 'CENTRAL', 'SAN JUAN DE DIOS' UNION ALL
    SELECT 10302, 103, 'CENTRAL', 'SAN MIGUEL' UNION ALL
    SELECT 10311, 103, 'CENTRAL', 'SAN RAFAEL ABAJO' UNION ALL
    SELECT 10304, 103, 'CENTRAL', 'SAN RAFAEL ARRIBA' UNION ALL

    -- Puriscal (104)
    SELECT 10403, 104, 'CENTRAL', 'BARBACOAS' UNION ALL
    SELECT 10406, 104, 'CENTRAL', 'CANDELARITA' UNION ALL
    SELECT 10409, 104, 'CENTRAL', 'CHIRES' UNION ALL
    SELECT 10407, 104, 'CENTRAL', 'DESAMPARADITOS' UNION ALL
    SELECT 10404, 104, 'CENTRAL', 'GRIFO ALTO' UNION ALL
    SELECT 10402, 104, 'CENTRAL', 'MERCEDES SUR' UNION ALL
    SELECT 10408, 104, 'CENTRAL', 'SAN ANTONIO' UNION ALL
    SELECT 10405, 104, 'CENTRAL', 'SAN RAFAEL' UNION ALL
    SELECT 10401, 104, 'CENTRAL', 'SANTIAGO' UNION ALL

    -- Tarrazú (105)
    SELECT 10503, 105, 'CENTRAL', 'SAN CARLOS' UNION ALL
    SELECT 10502, 105, 'CENTRAL', 'SAN LORENZO' UNION ALL
    SELECT 10501, 105, 'CENTRAL', 'SAN MARCOS' UNION ALL

    -- Aserrí (106)
    SELECT 10601, 106, 'CENTRAL', 'ASERRI' UNION ALL
    SELECT 10605, 106, 'CENTRAL', 'LEGUA' UNION ALL
    SELECT 10606, 106, 'CENTRAL', 'MONTERREY' UNION ALL
    SELECT 10607, 106, 'CENTRAL', 'SALITRILLOS' UNION ALL
    SELECT 10604, 106, 'CENTRAL', 'SAN GABRIEL' UNION ALL
    SELECT 10602, 106, 'CENTRAL', 'TARBACA' UNION ALL
    SELECT 10603, 106, 'CENTRAL', 'VUELTA DE JORCO' UNION ALL

    -- Mora (107)
    SELECT 10701, 107, 'CENTRAL', 'COLON' UNION ALL
    SELECT 10702, 107, 'CENTRAL', 'GUAYABO' UNION ALL
    SELECT 10706, 107, 'CENTRAL', 'JARIS' UNION ALL
    SELECT 10705, 107, 'CENTRAL', 'PICAGRES' UNION ALL
    SELECT 10704, 107, 'CENTRAL', 'PIEDRAS NEGRAS' UNION ALL
    SELECT 10707, 107, 'CENTRAL', 'QUITIRRISI' UNION ALL
    SELECT 10703, 107, 'CENTRAL', 'TABARCIA' UNION ALL

    -- Goicoechea (108)
    SELECT 10803, 108, 'CENTRAL', 'CALLE BLANCOS' UNION ALL
    SELECT 10801, 108, 'CENTRAL', 'GUADALUPE' UNION ALL
    SELECT 10805, 108, 'CENTRAL', 'IPIS' UNION ALL
    SELECT 10804, 108, 'CENTRAL', 'MATA DE PLATANO' UNION ALL
    SELECT 10807, 108, 'CENTRAL', 'PURRAL' UNION ALL
    SELECT 10806, 108, 'CENTRAL', 'RANCHO REDONDO' UNION ALL
    SELECT 10802, 108, 'CENTRAL', 'SAN FRANCISCO' UNION ALL

    -- Santa Ana (109)
    SELECT 10906, 109, 'CENTRAL', 'BRASIL' UNION ALL
    SELECT 10905, 109, 'CENTRAL', 'PIEDADES' UNION ALL
    SELECT 10903, 109, 'CENTRAL', 'POZOS' UNION ALL
    SELECT 10902, 109, 'CENTRAL', 'SALITRAL' UNION ALL
    SELECT 10901, 109, 'CENTRAL', 'SANTA ANA' UNION ALL
    SELECT 10904, 109, 'CENTRAL', 'URUCA' UNION ALL

    -- Alajuelita (110)
    SELECT 11001, 110, 'CENTRAL', 'ALAJUELITA' UNION ALL
    SELECT 11004, 110, 'CENTRAL', 'CONCEPCION' UNION ALL
    SELECT 11003, 110, 'CENTRAL', 'SAN ANTONIO' UNION ALL
    SELECT 11005, 110, 'CENTRAL', 'SAN FELIPE' UNION ALL
    SELECT 11002, 110, 'CENTRAL', 'SAN JOSECITO' UNION ALL

    -- Vázquez de Coronado (111)
    SELECT 11105, 111, 'CENTRAL', 'CASCAJAL' UNION ALL
    SELECT 11103, 111, 'CENTRAL', 'DULCE NOMBRE DE JESUS' UNION ALL
    SELECT 11104, 111, 'CENTRAL', 'PATALILLO' UNION ALL
    SELECT 11101, 111, 'CENTRAL', 'SAN ISIDRO' UNION ALL
    SELECT 11102, 111, 'CENTRAL', 'SAN RAFAEL' UNION ALL

    -- Acosta (112)
    SELECT 11204, 112, 'CENTRAL', 'CANGREJAL' UNION ALL
    SELECT 11202, 112, 'CENTRAL', 'GUAITIL' UNION ALL
    SELECT 11203, 112, 'CENTRAL', 'PALMICHAL' UNION ALL
    SELECT 11205, 112, 'CENTRAL', 'SABANILLAS' UNION ALL
    SELECT 11201, 112, 'CENTRAL', 'SAN IGNACIO' UNION ALL

    -- Tibás (113)
    SELECT 11303, 113, 'CENTRAL', 'ANSELMO LLORENTE' UNION ALL
    SELECT 11302, 113, 'CENTRAL', 'CINCO ESQUINAS' UNION ALL
    SELECT 11305, 113, 'CENTRAL', 'COLIMA' UNION ALL
    SELECT 11304, 113, 'CENTRAL', 'LEON XIII' UNION ALL
    SELECT 11301, 113, 'CENTRAL', 'SAN JUAN' UNION ALL

    -- Moravia (114)
    SELECT 11402, 114, 'CENTRAL', 'SAN JERONIMO' UNION ALL
    SELECT 11401, 114, 'CENTRAL', 'SAN VICENTE' UNION ALL
    SELECT 11403, 114, 'CENTRAL', 'TRINIDAD' UNION ALL

    -- Montes de Oca (115)
    SELECT 11503, 115, 'CENTRAL', 'MERCEDES' UNION ALL
    SELECT 11502, 115, 'CENTRAL', 'SABANILLA' UNION ALL
    SELECT 11501, 115, 'CENTRAL', 'SAN PEDRO' UNION ALL
    SELECT 11504, 115, 'CENTRAL', 'SAN RAFAEL' UNION ALL

    -- Turrubares (116)
    SELECT 11605, 116, 'CENTRAL', 'CARARA' UNION ALL
    SELECT 11603, 116, 'CENTRAL', 'SAN JUAN DE MATA' UNION ALL
    SELECT 11604, 116, 'CENTRAL', 'SAN LUIS' UNION ALL
    SELECT 11601, 116, 'CENTRAL', 'SAN PABLO' UNION ALL
    SELECT 11602, 116, 'CENTRAL', 'SAN PEDRO' UNION ALL

    -- Dota (117)
    SELECT 11703, 117, 'CENTRAL', 'COPEY' UNION ALL
    SELECT 11702, 117, 'CENTRAL', 'JARDIN' UNION ALL
    SELECT 11701, 117, 'CENTRAL', 'SANTA MARIA' UNION ALL

    -- Curridabat (118)
    SELECT 11801, 118, 'CENTRAL', 'CURRIDABAT' UNION ALL
    SELECT 11802, 118, 'CENTRAL', 'GRANADILLA' UNION ALL
    SELECT 11803, 118, 'CENTRAL', 'SANCHEZ' UNION ALL
    SELECT 11804, 118, 'CENTRAL', 'TIRRASES' UNION ALL

    -- León Cortés (120)
    SELECT 12003, 120, 'CENTRAL', 'LLANO BONITO' UNION ALL
    SELECT 12002, 120, 'CENTRAL', 'SAN ANDRES' UNION ALL
    SELECT 12006, 120, 'CENTRAL', 'SAN ANTONIO' UNION ALL
    SELECT 12004, 120, 'CENTRAL', 'SAN ISIDRO' UNION ALL
    SELECT 12001, 120, 'CENTRAL', 'SAN PABLO' UNION ALL
    SELECT 12005, 120, 'CENTRAL', 'SANTA CRUZ' UNION ALL

    -- Provincia ALAJUELA (2)
    -- Alajuela (201)
    SELECT 20101, 201, 'CENTRAL', 'ALAJUELA' UNION ALL
    SELECT 20103, 201, 'CENTRAL', 'CARRIZAL' UNION ALL
    SELECT 20110, 201, 'CENTRAL', 'DESAMPARADOS' UNION ALL
    SELECT 20105, 201, 'CENTRAL', 'GUACIMA' UNION ALL
    SELECT 20113, 201, 'CENTRAL', 'LA GARITA' UNION ALL
    SELECT 20109, 201, 'CENTRAL', 'RIO SEGUNDO' UNION ALL
    SELECT 20107, 201, 'CENTRAL', 'SABANILLA' UNION ALL
    SELECT 20104, 201, 'CENTRAL', 'SAN ANTONIO' UNION ALL
    SELECT 20106, 201, 'CENTRAL', 'SAN ISIDRO' UNION ALL
    SELECT 20102, 201, 'CENTRAL', 'SAN JOSE' UNION ALL
    SELECT 20108, 201, 'CENTRAL', 'SAN RAFAEL' UNION ALL
    SELECT 20112, 201, 'CENTRAL', 'TAMBOR' UNION ALL
    SELECT 20111, 201, 'CENTRAL', 'TURRUCARES' UNION ALL

    -- San Ramón (202)
    SELECT 20209, 202, 'CENTRAL', 'ALFARO' UNION ALL
    SELECT 20208, 202, 'CENTRAL', 'ANGELES' UNION ALL
    SELECT 20211, 202, 'CENTRAL', 'CONCEPCION' UNION ALL
    SELECT 20204, 202, 'CENTRAL', 'PIEDADES NORTE' UNION ALL
    SELECT 20205, 202, 'CENTRAL', 'PIEDADES SUR' UNION ALL
    SELECT 20207, 202, 'CENTRAL', 'SAN ISIDRO' UNION ALL
    SELECT 20203, 202, 'CENTRAL', 'SAN JUAN' UNION ALL
    SELECT 20214, 202, 'CENTRAL', 'SAN LORENZO' UNION ALL
    SELECT 20206, 202, 'CENTRAL', 'SAN RAFAEL' UNION ALL
    SELECT 20201, 202, 'CENTRAL', 'SAN RAMON' UNION ALL
    SELECT 20202, 202, 'CENTRAL', 'SANTIAGO' UNION ALL
    SELECT 20210, 202, 'CENTRAL', 'VOLIO' UNION ALL
    SELECT 20212, 202, 'CENTRAL', 'ZAPOTAL' UNION ALL

    -- Grecia (203)
    SELECT 20308, 203, 'CENTRAL', 'BOLIVAR' UNION ALL
    SELECT 20301, 203, 'CENTRAL', 'GRECIA' UNION ALL
    SELECT 20307, 203, 'CENTRAL', 'PUENTE DE PIEDRA' UNION ALL
    SELECT 20302, 203, 'CENTRAL', 'SAN ISIDRO' UNION ALL
    SELECT 20303, 203, 'CENTRAL', 'SAN JOSE' UNION ALL
    SELECT 20304, 203, 'CENTRAL', 'SAN ROQUE' UNION ALL
    SELECT 20305, 203, 'CENTRAL', 'TACARES' UNION ALL

    -- Atenas (205)
    SELECT 20501, 205, 'CENTRAL', 'ATENAS' UNION ALL
    SELECT 20505, 205, 'CENTRAL', 'CONCEPCION' UNION ALL
    SELECT 20508, 205, 'CENTRAL', 'ESCOBAL' UNION ALL
    SELECT 20502, 205, 'CENTRAL', 'JESUS' UNION ALL
    SELECT 20503, 205, 'CENTRAL', 'MERCEDES' UNION ALL
    SELECT 20504, 205, 'CENTRAL', 'SAN ISIDRO' UNION ALL
    SELECT 20506, 205, 'CENTRAL', 'SAN JOSE' UNION ALL
    SELECT 20507, 205, 'CENTRAL', 'SANTA EULALIA' UNION ALL

    -- Naranjo (206)
    SELECT 20604, 206, 'CENTRAL', 'CIRRI SUR' UNION ALL
    SELECT 20601, 206, 'CENTRAL', 'NARANJO' UNION ALL
    SELECT 20608, 206, 'CENTRAL', 'PALMITOS' UNION ALL
    SELECT 20607, 206, 'CENTRAL', 'ROSARIO' UNION ALL
    SELECT 20605, 206, 'CENTRAL', 'SAN JERONIMO' UNION ALL
    SELECT 20603, 206, 'CENTRAL', 'SAN JOSE' UNION ALL
    SELECT 20606, 206, 'CENTRAL', 'SAN JUAN' UNION ALL
    SELECT 20602, 206, 'CENTRAL', 'SAN MIGUEL' UNION ALL

    -- Palmares (207)
    SELECT 20703, 207, 'CENTRAL', 'BUENOS AIRES' UNION ALL
    SELECT 20705, 207, 'CENTRAL', 'CANDELARIA' UNION ALL
    SELECT 20706, 207, 'CENTRAL', 'ESQUIPULAS' UNION ALL
    SELECT 20707, 207, 'CENTRAL', 'GRANJA' UNION ALL
    SELECT 20701, 207, 'CENTRAL', 'PALMARES' UNION ALL
    SELECT 20704, 207, 'CENTRAL', 'SANTIAGO' UNION ALL
    SELECT 20702, 207, 'CENTRAL', 'ZARAGOZA' UNION ALL

    -- Poás (208)
    SELECT 20804, 208, 'CENTRAL', 'CARRILLOS' UNION ALL
    SELECT 20805, 208, 'CENTRAL', 'SABANA REDONDA' UNION ALL
    SELECT 20802, 208, 'CENTRAL', 'SAN JUAN' UNION ALL
    SELECT 20801, 208, 'CENTRAL', 'SAN PEDRO' UNION ALL
    SELECT 20803, 208, 'CENTRAL', 'SAN RAFAEL' UNION ALL

    -- Zarcero (211)
    SELECT 21107, 211, 'CENTRAL', 'BRISAS' UNION ALL
    SELECT 21104, 211, 'CENTRAL', 'GUADALUPE' UNION ALL
    SELECT 21102, 211, 'CENTRAL', 'LAGUNA' UNION ALL
    SELECT 21105, 211, 'CENTRAL', 'PALMIRA' UNION ALL
    SELECT 21103, 211, 'CENTRAL', 'TAPEZCO' UNION ALL
    SELECT 21106, 211, 'CENTRAL', 'ZAPOTE' UNION ALL
    SELECT 21101, 211, 'CENTRAL', 'ZARCERO' UNION ALL

    -- Sarchí (212)
    SELECT 21205, 212, 'CENTRAL', 'RODRIGUEZ' UNION ALL
    SELECT 21204, 212, 'CENTRAL', 'SAN PEDRO' UNION ALL
    SELECT 21201, 212, 'CENTRAL', 'SARCHI NORTE' UNION ALL
    SELECT 21202, 212, 'CENTRAL', 'SARCHI SUR' UNION ALL
    SELECT 21203, 212, 'CENTRAL', 'TORO AMARILLO' UNION ALL

    -- Provincia CARTAGO (3)
    -- Cartago (301)
    SELECT 30105, 301, 'CENTRAL', 'AGUACALIENTE' UNION ALL
    SELECT 30103, 301, 'CENTRAL', 'CARMEN' UNION ALL
    SELECT 30107, 301, 'CENTRAL', 'CORRALILLO' UNION ALL
    SELECT 30109, 301, 'CENTRAL', 'DULCE NOMBRE' UNION ALL
    SELECT 30106, 301, 'CENTRAL', 'GUADALUPE' UNION ALL
    SELECT 30110, 301, 'CENTRAL', 'LLANO GRANDE' UNION ALL
    SELECT 30102, 301, 'CENTRAL', 'OCCIDENTAL' UNION ALL
    SELECT 30101, 301, 'CENTRAL', 'ORIENTAL' UNION ALL
    SELECT 30111, 301, 'CENTRAL', 'QUEBRADILLA' UNION ALL
    SELECT 30104, 301, 'CENTRAL', 'SAN NICOLAS' UNION ALL
    SELECT 30108, 301, 'CENTRAL', 'TIERRA BLANCA' UNION ALL

    -- Paraíso (302)
    SELECT 30206, 302, 'CENTRAL', 'BIRRISITO' UNION ALL
    SELECT 30204, 302, 'CENTRAL', 'CACHI' UNION ALL
    SELECT 30205, 302, 'CENTRAL', 'LLANOS DE SANTA LUCIA' UNION ALL
    SELECT 30203, 302, 'CENTRAL', 'OROSI' UNION ALL
    SELECT 30201, 302, 'CENTRAL', 'PARAISO' UNION ALL
    SELECT 30202, 302, 'CENTRAL', 'SANTIAGO' UNION ALL

    -- La Unión (303)
    SELECT 30305, 303, 'CENTRAL', 'CONCEPCION' UNION ALL
    SELECT 30306, 303, 'CENTRAL', 'DULCE NOMBRE' UNION ALL
    SELECT 30308, 303, 'CENTRAL', 'RIO AZUL' UNION ALL
    SELECT 30302, 303, 'CENTRAL', 'SAN DIEGO' UNION ALL
    SELECT 30303, 303, 'CENTRAL', 'SAN JUAN' UNION ALL
    SELECT 30304, 303, 'CENTRAL', 'SAN RAFAEL' UNION ALL
    SELECT 30307, 303, 'CENTRAL', 'SAN RAMON' UNION ALL
    SELECT 30301, 303, 'CENTRAL', 'TRES RIOS' UNION ALL

    -- Jiménez (304)
    SELECT 30401, 304, 'CENTRAL', 'JUAN VIÑAS' UNION ALL
    SELECT 30404, 304, 'CENTRAL', 'LA VICTORIA' UNION ALL
    SELECT 30403, 304, 'CENTRAL', 'PEJIBAYE' UNION ALL
    SELECT 30402, 304, 'CENTRAL', 'TUCURRIQUE' UNION ALL

    -- Turrialba (305)
    SELECT 30512, 305, 'CENTRAL', 'CHIRRIPO' UNION ALL
    SELECT 30511, 305, 'CENTRAL', 'LA ISABEL' UNION ALL
    SELECT 30502, 305, 'CENTRAL', 'LA SUIZA' UNION ALL
    SELECT 30506, 305, 'CENTRAL', 'PAVONES' UNION ALL
    SELECT 30503, 305, 'CENTRAL', 'PERALTA' UNION ALL
    SELECT 30504, 305, 'CENTRAL', 'SANTA CRUZ' UNION ALL
    SELECT 30509, 305, 'CENTRAL', 'SANTA ROSA' UNION ALL
    SELECT 30505, 305, 'CENTRAL', 'SANTA TERESITA' UNION ALL
    SELECT 30508, 305, 'CENTRAL', 'TAYUTIC' UNION ALL
    SELECT 30510, 305, 'CENTRAL', 'TRES EQUIS' UNION ALL
    SELECT 30507, 305, 'CENTRAL', 'TUIS' UNION ALL
    SELECT 30501, 305, 'CENTRAL', 'TURRIALBA' UNION ALL

    -- Alvarado (306)
    SELECT 30603, 306, 'CENTRAL', 'CAPELLADES' UNION ALL
    SELECT 30602, 306, 'CENTRAL', 'CERVANTES' UNION ALL
    SELECT 30601, 306, 'CENTRAL', 'PACAYAS' UNION ALL

    -- Oreamuno (307)
    SELECT 30704, 307, 'CENTRAL', 'CIPRESES' UNION ALL
    SELECT 30702, 307, 'CENTRAL', 'COT' UNION ALL
    SELECT 30703, 307, 'CENTRAL', 'POTRERO CERRADO' UNION ALL
    SELECT 30701, 307, 'CENTRAL', 'SAN RAFAEL' UNION ALL
    SELECT 30705, 307, 'CENTRAL', 'SANTA ROSA' UNION ALL

    -- El Guarco (308)
    SELECT 30804, 308, 'CENTRAL', 'PATIO DE AGUA' UNION ALL
    SELECT 30802, 308, 'CENTRAL', 'SAN ISIDRO' UNION ALL
    SELECT 30801, 308, 'CENTRAL', 'TEJAR' UNION ALL
    SELECT 30803, 308, 'CENTRAL', 'TOBOSI' UNION ALL

    -- Provincia HEREDIA (4)
    -- Heredia (401)
    SELECT 40101, 401, 'CENTRAL', 'HEREDIA' UNION ALL
    SELECT 40102, 401, 'CENTRAL', 'MERCEDES' UNION ALL
    SELECT 40103, 401, 'CENTRAL', 'SAN FRANCISCO' UNION ALL
    SELECT 40104, 401, 'CENTRAL', 'ULLOA' UNION ALL
    SELECT 40105, 401, 'CENTRAL', 'VARA BLANCA' UNION ALL

    -- Barva (402)
    SELECT 40201, 402, 'CENTRAL', 'BARVA' UNION ALL
    SELECT 40207, 402, 'CENTRAL', 'PUENTE SALAS' UNION ALL
    SELECT 40206, 402, 'CENTRAL', 'SAN JOSÉ DE LA MONTAÑA' UNION ALL
    SELECT 40203, 402, 'CENTRAL', 'SAN PABLO' UNION ALL
    SELECT 40202, 402, 'CENTRAL', 'SAN PEDRO' UNION ALL
    SELECT 40204, 402, 'CENTRAL', 'SAN ROQUE' UNION ALL
    SELECT 40205, 402, 'CENTRAL', 'SANTA LUCÍA' UNION ALL

    -- Santo Domingo (403)
    SELECT 40308, 403, 'CENTRAL', 'PARA' UNION ALL
    SELECT 40304, 403, 'CENTRAL', 'PARACITO' UNION ALL
    SELECT 40303, 403, 'CENTRAL', 'SAN MIGUEL' UNION ALL
    SELECT 40302, 403, 'CENTRAL', 'SAN VICENTE' UNION ALL
    SELECT 40306, 403, 'CENTRAL', 'SANTA ROSA' UNION ALL
    SELECT 40301, 403, 'CENTRAL', 'SANTO DOMINGO' UNION ALL
    SELECT 40305, 403, 'CENTRAL', 'SANTO TOMAS' UNION ALL
    SELECT 40307, 403, 'CENTRAL', 'TURES' UNION ALL

    -- Santa Bárbara (404)
    SELECT 40404, 404, 'CENTRAL', 'JESÚS' UNION ALL
    SELECT 40406, 404, 'CENTRAL', 'PURABÁ' UNION ALL
    SELECT 40403, 404, 'CENTRAL', 'SAN JUAN' UNION ALL
    SELECT 40402, 404, 'CENTRAL', 'SAN PEDRO' UNION ALL
    SELECT 40401, 404, 'CENTRAL', 'SANTA BARBARA' UNION ALL
    SELECT 40405, 404, 'CENTRAL', 'SANTO DOMINGO' UNION ALL

    -- San Rafael (405)
    SELECT 40504, 405, 'CENTRAL', 'ANGELES' UNION ALL
    SELECT 40505, 405, 'CENTRAL', 'CONCEPCIÓN' UNION ALL
    SELECT 40502, 405, 'CENTRAL', 'SAN JOSECITO' UNION ALL
    SELECT 40501, 405, 'CENTRAL', 'SAN RAFAEL' UNION ALL
    SELECT 40503, 405, 'CENTRAL', 'SANTIAGO' UNION ALL

    -- San Isidro (406)
    SELECT 40603, 406, 'CENTRAL', 'CONCEPCIÓN' UNION ALL
    SELECT 40604, 406, 'CENTRAL', 'SAN FRANCISCO' UNION ALL
    SELECT 40601, 406, 'CENTRAL', 'SAN ISIDRO' UNION ALL
    SELECT 40602, 406, 'CENTRAL', 'SAN JOSÉ' UNION ALL

    -- Belén (407)
    SELECT 40703, 407, 'CENTRAL', 'ASUNCION' UNION ALL
    SELECT 40702, 407, 'CENTRAL', 'LA RIBERA' UNION ALL
    SELECT 40701, 407, 'CENTRAL', 'SAN ANTONIO' UNION ALL

    -- Flores (408)
    SELECT 40802, 408, 'CENTRAL', 'BARRANTES' UNION ALL
    SELECT 40803, 408, 'CENTRAL', 'LLORENTE' UNION ALL
    SELECT 40801, 408, 'CENTRAL', 'SAN JOAQUIN' UNION ALL

    -- San Pablo (409)
    SELECT 40902, 409, 'CENTRAL', 'RINCON DE SABANILLA' UNION ALL
    SELECT 40901, 409, 'CENTRAL', 'SAN PABLO'
) AS DistritoTemp
JOIN Catalog.Region r ON DistritoTemp.RegionName = r.RegionName;


-- Insertar distritos de la región CHOROTEGA
INSERT INTO Catalog.Districts (DistrictID, CantonId, RegionID, DistrictName)
SELECT DistrictID, CantonId, r.RegionID, DistrictName
FROM (
    -- Provincia GUANACASTE
    -- Liberia (501)
    SELECT 50102 as DistrictID, 501 as CantonId, 'CHOROTEGA' as RegionName, 'CAÑAS DULCES' as DistrictName UNION ALL
    SELECT 50105, 501, 'CHOROTEGA', 'CURUBANDE' UNION ALL
    SELECT 50101, 501, 'CHOROTEGA', 'LIBERIA' UNION ALL
    SELECT 50103, 501, 'CHOROTEGA', 'MAYORGA' UNION ALL
    SELECT 50104, 501, 'CHOROTEGA', 'NACASCOLO' UNION ALL

    -- Nicoya (502)
    SELECT 50207, 502, 'CHOROTEGA', 'BELEN DE NOSARITA' UNION ALL
    SELECT 50202, 502, 'CHOROTEGA', 'MANSION' UNION ALL
    SELECT 50201, 502, 'CHOROTEGA', 'NICOYA' UNION ALL
    SELECT 50206, 502, 'CHOROTEGA', 'NOSARA' UNION ALL
    SELECT 50204, 502, 'CHOROTEGA', 'QUEBRADA HONDA' UNION ALL
    SELECT 50205, 502, 'CHOROTEGA', 'SAMARA' UNION ALL
    SELECT 50203, 502, 'CHOROTEGA', 'SAN ANTONIO' UNION ALL

    -- Santa Cruz (503)
    SELECT 50302, 503, 'CHOROTEGA', 'BOLSON' UNION ALL
    SELECT 50308, 503, 'CHOROTEGA', 'CABO VELAS' UNION ALL
    SELECT 50305, 503, 'CHOROTEGA', 'CARTAGENA' UNION ALL
    SELECT 50306, 503, 'CHOROTEGA', 'CUAJINIQUIL' UNION ALL
    SELECT 50307, 503, 'CHOROTEGA', 'DIRIA' UNION ALL
    SELECT 50301, 503, 'CHOROTEGA', 'SANTA CRUZ' UNION ALL
    SELECT 50309, 503, 'CHOROTEGA', 'TAMARINDO' UNION ALL
    SELECT 50304, 503, 'CHOROTEGA', 'TEMPATE' UNION ALL
    SELECT 50303, 503, 'CHOROTEGA', 'VEINTISIETE DE ABRIL' UNION ALL

    -- Bagaces (504)
    SELECT 50401, 504, 'CHOROTEGA', 'BAGACES' UNION ALL
    SELECT 50402, 504, 'CHOROTEGA', 'FORTUNA' UNION ALL
    SELECT 50403, 504, 'CHOROTEGA', 'MOGOTE' UNION ALL
    SELECT 50404, 504, 'CHOROTEGA', 'RIO NARANJO' UNION ALL

    -- Carrillo (505)
    SELECT 50504, 505, 'CHOROTEGA', 'BELEN' UNION ALL
    SELECT 50501, 505, 'CHOROTEGA', 'FILADELFIA' UNION ALL
    SELECT 50502, 505, 'CHOROTEGA', 'PALMIRA' UNION ALL
    SELECT 50503, 505, 'CHOROTEGA', 'SARDINAL' UNION ALL

    -- Cañas (506)
    SELECT 50604, 506, 'CHOROTEGA', 'BEBEDERO' UNION ALL
    SELECT 50601, 506, 'CHOROTEGA', 'CAÑAS' UNION ALL
    SELECT 50602, 506, 'CHOROTEGA', 'PALMIRA' UNION ALL
    SELECT 50605, 506, 'CHOROTEGA', 'POROZAL' UNION ALL
    SELECT 50603, 506, 'CHOROTEGA', 'SAN MIGUEL' UNION ALL

    -- Abangares (507)
    SELECT 50704, 507, 'CHOROTEGA', 'COLORADO' UNION ALL
    SELECT 50701, 507, 'CHOROTEGA', 'JUNTAS' UNION ALL
    SELECT 50703, 507, 'CHOROTEGA', 'SAN JUAN' UNION ALL
    SELECT 50702, 507, 'CHOROTEGA', 'SIERRA' UNION ALL

    -- Tilarán (508)
    SELECT 50807, 508, 'CHOROTEGA', 'ARENAL' UNION ALL
    SELECT 50808, 508, 'CHOROTEGA', 'CABECERAS' UNION ALL
    SELECT 50805, 508, 'CHOROTEGA', 'LIBANO' UNION ALL
    SELECT 50802, 508, 'CHOROTEGA', 'QUEBRADA GRANDE' UNION ALL
    SELECT 50804, 508, 'CHOROTEGA', 'SANTA ROSA' UNION ALL
    SELECT 50806, 508, 'CHOROTEGA', 'TIERRAS MORENAS' UNION ALL
    SELECT 50801, 508, 'CHOROTEGA', 'TILARAN' UNION ALL
    SELECT 50803, 508, 'CHOROTEGA', 'TRONADORA' UNION ALL

    -- Nandayure (509)
    SELECT 50906, 509, 'CHOROTEGA', 'BEJUCO' UNION ALL
    SELECT 50901, 509, 'CHOROTEGA', 'CARMONA' UNION ALL
    SELECT 50905, 509, 'CHOROTEGA', 'PORVENIR' UNION ALL
    SELECT 50904, 509, 'CHOROTEGA', 'SAN PABLO' UNION ALL
    SELECT 50902, 509, 'CHOROTEGA', 'SANTA RITA' UNION ALL
    SELECT 50903, 509, 'CHOROTEGA', 'ZAPOTAL' UNION ALL

    -- La Cruz (510)
    SELECT 51003, 510, 'CHOROTEGA', 'GARITA' UNION ALL
    SELECT 51001, 510, 'CHOROTEGA', 'LA CRUZ' UNION ALL
    SELECT 51002, 510, 'CHOROTEGA', 'SANTA CECILIA' UNION ALL
    SELECT 51004, 510, 'CHOROTEGA', 'SANTA ELENA' UNION ALL

    -- Hojancha (511)
    SELECT 51101, 511, 'CHOROTEGA', 'HOJANCHA' UNION ALL
    SELECT 51104, 511, 'CHOROTEGA', 'HUACAS' UNION ALL
    SELECT 51105, 511, 'CHOROTEGA', 'MATAMBU' UNION ALL
    SELECT 51102, 511, 'CHOROTEGA', 'MONTE ROMO' UNION ALL
    SELECT 51103, 511, 'CHOROTEGA', 'PUERTO CARRILLO'
) AS DistritoTemp
JOIN Catalog.Region r ON DistritoTemp.RegionName = r.RegionName;

-- Insertar distritos de la región HUETAR CARIBE
INSERT INTO Catalog.Districts (DistrictID, CantonId, RegionID, DistrictName)
SELECT DistrictID, CantonId, r.RegionID, DistrictName
FROM (
    -- Provincia LIMÓN
    -- Limón (701)
    SELECT 70101 as DistrictID, 701 as CantonId, 'HUETAR CARIBE' as RegionName, 'LIMON' as DistrictName UNION ALL
    SELECT 70104, 701, 'HUETAR CARIBE', 'MATAMA' UNION ALL
    SELECT 70103, 701, 'HUETAR CARIBE', 'RIO BLANCO' UNION ALL
    SELECT 70102, 701, 'HUETAR CARIBE', 'VALLE LA ESTRELLA' UNION ALL

    -- Pococí (702)
    SELECT 70205, 702, 'HUETAR CARIBE', 'CARIARI' UNION ALL
    SELECT 70206, 702, 'HUETAR CARIBE', 'COLORADO' UNION ALL
    SELECT 70201, 702, 'HUETAR CARIBE', 'GUAPILES' UNION ALL
    SELECT 70202, 702, 'HUETAR CARIBE', 'JIMENEZ' UNION ALL
    SELECT 70207, 702, 'HUETAR CARIBE', 'LA COLONIA' UNION ALL
    SELECT 70203, 702, 'HUETAR CARIBE', 'RITA' UNION ALL
    SELECT 70204, 702, 'HUETAR CARIBE', 'ROXANA' UNION ALL

    -- Siquirres (703)
    SELECT 70306, 703, 'HUETAR CARIBE', 'ALEGRIA' UNION ALL
    SELECT 70305, 703, 'HUETAR CARIBE', 'CAIRO' UNION ALL
    SELECT 70303, 703, 'HUETAR CARIBE', 'FLORIDA' UNION ALL
    SELECT 70304, 703, 'HUETAR CARIBE', 'GERMANIA' UNION ALL
    SELECT 70302, 703, 'HUETAR CARIBE', 'PACUARITO' UNION ALL
    SELECT 70307, 703, 'HUETAR CARIBE', 'REVENTAZÓN' UNION ALL
    SELECT 70301, 703, 'HUETAR CARIBE', 'SIQUIRRES' UNION ALL

    -- Talamanca (704)
    SELECT 70401, 704, 'HUETAR CARIBE', 'BRATSI' UNION ALL
    SELECT 70403, 704, 'HUETAR CARIBE', 'CAHUITA' UNION ALL
    SELECT 70402, 704, 'HUETAR CARIBE', 'SIXAOLA' UNION ALL
    SELECT 70404, 704, 'HUETAR CARIBE', 'TELIRE' UNION ALL

    -- Matina (705)
    SELECT 70502, 705, 'HUETAR CARIBE', 'BATAN' UNION ALL
    SELECT 70503, 705, 'HUETAR CARIBE', 'CARRANDI' UNION ALL
    SELECT 70501, 705, 'HUETAR CARIBE', 'MATINA' UNION ALL

    -- Guácimo (706)
    SELECT 70605, 706, 'HUETAR CARIBE', 'DUACARI' UNION ALL
    SELECT 70601, 706, 'HUETAR CARIBE', 'GUACIMO' UNION ALL
    SELECT 70602, 706, 'HUETAR CARIBE', 'MERCEDES' UNION ALL
    SELECT 70603, 706, 'HUETAR CARIBE', 'POCORA' UNION ALL
    SELECT 70604, 706, 'HUETAR CARIBE', 'RIO JIMENEZ'
) AS DistritoTemp
JOIN Catalog.Region r ON DistritoTemp.RegionName = r.RegionName;


-- Insertar distritos de la región HUETAR NORTE
INSERT INTO Catalog.Districts (DistrictID, CantonId, RegionID, DistrictName)
SELECT DistrictID, CantonId, r.RegionID, DistrictName
FROM (
    -- Provincia ALAJUELA
    -- Alajuela (201)
    SELECT 20114 as DistrictID, 201 as CantonId, 'HUETAR NORTE' as RegionName, 'SARAPIQUI' as DistrictName UNION ALL

    -- San Ramón (202)
    SELECT 20213, 202, 'HUETAR NORTE', 'PEÑAS BLANCAS' UNION ALL

    -- San Carlos (210)
    SELECT 21004, 210, 'HUETAR NORTE', 'AGUAS ZARCAS' UNION ALL
    SELECT 21003, 210, 'HUETAR NORTE', 'BUENAVISTA' UNION ALL
    SELECT 21011, 210, 'HUETAR NORTE', 'CUTRIS' UNION ALL
    SELECT 21002, 210, 'HUETAR NORTE', 'FLORENCIA' UNION ALL
    SELECT 21007, 210, 'HUETAR NORTE', 'FORTUNA' UNION ALL
    SELECT 21012, 210, 'HUETAR NORTE', 'MONTERREY' UNION ALL
    SELECT 21009, 210, 'HUETAR NORTE', 'PALMERA' UNION ALL
    SELECT 21006, 210, 'HUETAR NORTE', 'PITAL' UNION ALL
    SELECT 21013, 210, 'HUETAR NORTE', 'POCOSOL' UNION ALL
    SELECT 21001, 210, 'HUETAR NORTE', 'QUESADA' UNION ALL
    SELECT 21008, 210, 'HUETAR NORTE', 'TIGRA' UNION ALL
    SELECT 21010, 210, 'HUETAR NORTE', 'VENADO' UNION ALL
    SELECT 21005, 210, 'HUETAR NORTE', 'VENECIA' UNION ALL

    -- Upala (213)
    SELECT 21302, 213, 'HUETAR NORTE', 'AGUAS CLARAS' UNION ALL
    SELECT 21304, 213, 'HUETAR NORTE', 'BIJAGUA' UNION ALL
    SELECT 21308, 213, 'HUETAR NORTE', 'CANALETE' UNION ALL
    SELECT 21305, 213, 'HUETAR NORTE', 'DELICIAS' UNION ALL
    SELECT 21306, 213, 'HUETAR NORTE', 'DOS RIOS' UNION ALL
    SELECT 21303, 213, 'HUETAR NORTE', 'SAN JOSE' UNION ALL
    SELECT 21301, 213, 'HUETAR NORTE', 'UPALA' UNION ALL
    SELECT 21307, 213, 'HUETAR NORTE', 'YOLILLAL' UNION ALL

    -- Los Chiles (214)
    SELECT 21402, 214, 'HUETAR NORTE', 'CAÑO NEGRO' UNION ALL
    SELECT 21403, 214, 'HUETAR NORTE', 'EL AMPARO' UNION ALL
    SELECT 21401, 214, 'HUETAR NORTE', 'LOS CHILES' UNION ALL
    SELECT 21404, 214, 'HUETAR NORTE', 'SAN JORGE' UNION ALL

    -- Guatuso (215)
    SELECT 21502, 215, 'HUETAR NORTE', 'BUENAVISTA' UNION ALL
    SELECT 21503, 215, 'HUETAR NORTE', 'COTE' UNION ALL
    SELECT 21504, 215, 'HUETAR NORTE', 'KATIRA' UNION ALL
    SELECT 21501, 215, 'HUETAR NORTE', 'SAN RAFAEL' UNION ALL

    -- Río Cuarto (216)
    SELECT 21601, 216, 'HUETAR NORTE', 'RIO CUARTO' UNION ALL
    SELECT 21603, 216, 'HUETAR NORTE', 'SANTA ISABEL' UNION ALL
    SELECT 21602, 216, 'HUETAR NORTE', 'SANTA RITA' UNION ALL

    -- Provincia HEREDIA
    -- Sarapiquí (410)
    SELECT 41005, 410, 'HUETAR NORTE', 'CUREÑA' UNION ALL
    SELECT 41003, 410, 'HUETAR NORTE', 'HORQUETAS' UNION ALL
    SELECT 41004, 410, 'HUETAR NORTE', 'LLANURAS DEL GASPAR' UNION ALL
    SELECT 41001, 410, 'HUETAR NORTE', 'PUERTO VIEJO' UNION ALL
    SELECT 41002, 410, 'HUETAR NORTE', 'VIRGEN'
) AS DistritoTemp
JOIN Catalog.Region r ON DistritoTemp.RegionName = r.RegionName;

-- Insertar distritos de la región PACIFICO CENTRAL
INSERT INTO Catalog.Districts (DistrictID, CantonId, RegionID, DistrictName)
SELECT DistrictID, CantonId, r.RegionID, DistrictName
FROM (
    -- Provincia ALAJUELA
    -- San Mateo (204)
    SELECT 20402 as DistrictID, 204 as CantonId, 'PACIFICO CENTRAL' as RegionName, 'DESMONTE' as DistrictName UNION ALL
    SELECT 20403, 204, 'PACIFICO CENTRAL', 'JESUS MARIA' UNION ALL
    SELECT 20404, 204, 'PACIFICO CENTRAL', 'LABRADOR' UNION ALL
    SELECT 20401, 204, 'PACIFICO CENTRAL', 'SAN MATEO' UNION ALL

    -- Orotina (209)
    SELECT 20905, 209, 'PACIFICO CENTRAL', 'CEIBA' UNION ALL
    SELECT 20904, 209, 'PACIFICO CENTRAL', 'COYOLAR' UNION ALL
    SELECT 20903, 209, 'PACIFICO CENTRAL', 'HACIENDA VIEJA' UNION ALL
    SELECT 20902, 209, 'PACIFICO CENTRAL', 'MASTATE' UNION ALL
    SELECT 20901, 209, 'PACIFICO CENTRAL', 'OROTINA' UNION ALL

    -- Provincia PUNTARENAS
    -- Puntarenas (601)
    SELECT 60114, 601, 'PACIFICO CENTRAL', 'ACAPULCO' UNION ALL
    SELECT 60116, 601, 'PACIFICO CENTRAL', 'ARANCIBIA' UNION ALL
    SELECT 60108, 601, 'PACIFICO CENTRAL', 'BARRANCA' UNION ALL
    SELECT 60112, 601, 'PACIFICO CENTRAL', 'CHACARITA' UNION ALL
    SELECT 60113, 601, 'PACIFICO CENTRAL', 'CHIRA' UNION ALL
    SELECT 60103, 601, 'PACIFICO CENTRAL', 'CHOMES' UNION ALL
    SELECT 60111, 601, 'PACIFICO CENTRAL', 'COBANO' UNION ALL
    SELECT 60115, 601, 'PACIFICO CENTRAL', 'EL ROBLE' UNION ALL
    SELECT 60107, 601, 'PACIFICO CENTRAL', 'GUACIMAL' UNION ALL
    SELECT 60110, 601, 'PACIFICO CENTRAL', 'ISLA DEL COCO' UNION ALL
    SELECT 60104, 601, 'PACIFICO CENTRAL', 'LEPANTO' UNION ALL
    SELECT 60106, 601, 'PACIFICO CENTRAL', 'MANZANILLO' UNION ALL
    SELECT 60109, 601, 'PACIFICO CENTRAL', 'MONTE VERDE' UNION ALL
    SELECT 60105, 601, 'PACIFICO CENTRAL', 'PAQUERA' UNION ALL
    SELECT 60102, 601, 'PACIFICO CENTRAL', 'PITAHAYA' UNION ALL
    SELECT 60101, 601, 'PACIFICO CENTRAL', 'PUNTARENAS' UNION ALL

    -- Esparza (602)
    SELECT 60206, 602, 'PACIFICO CENTRAL', 'CALDERA' UNION ALL
    SELECT 60201, 602, 'PACIFICO CENTRAL', 'ESPIRITU SANTO' UNION ALL
    SELECT 60203, 602, 'PACIFICO CENTRAL', 'MACACONA' UNION ALL
    SELECT 60205, 602, 'PACIFICO CENTRAL', 'SAN JERONIMO' UNION ALL
    SELECT 60202, 602, 'PACIFICO CENTRAL', 'SAN JUAN GRANDE' UNION ALL
    SELECT 60204, 602, 'PACIFICO CENTRAL', 'SAN RAFAEL' UNION ALL

    -- Montes de Oro (604)
    SELECT 60401, 604, 'PACIFICO CENTRAL', 'MIRAMAR' UNION ALL
    SELECT 60403, 604, 'PACIFICO CENTRAL', 'SAN ISIDRO' UNION ALL
    SELECT 60402, 604, 'PACIFICO CENTRAL', 'UNION' UNION ALL

    -- Quepos (606)
    SELECT 60603, 606, 'PACIFICO CENTRAL', 'NARANJITO' UNION ALL
    SELECT 60601, 606, 'PACIFICO CENTRAL', 'QUEPOS' UNION ALL
    SELECT 60602, 606, 'PACIFICO CENTRAL', 'SAVEGRE' UNION ALL

    -- Parrita (609)
    SELECT 60901, 609, 'PACIFICO CENTRAL', 'PARRITA' UNION ALL

    -- Garabito (611)
    SELECT 61101, 611, 'PACIFICO CENTRAL', 'JACO' UNION ALL
    SELECT 61103, 611, 'PACIFICO CENTRAL', 'LAGUNILLAS' UNION ALL
    SELECT 61201, 611, 'PACIFICO CENTRAL', 'MONTEVERDE' UNION ALL
    SELECT 61102, 611, 'PACIFICO CENTRAL', 'TARCOLES'
) AS DistritoTemp
JOIN Catalog.Region r ON DistritoTemp.RegionName = r.RegionName;



-- Datos iniciales para suscripciones
INSERT INTO Subscription.SubscriptionTypes 
(Name, Description, Price, DurationInDays, MaxUsers, IncludeSupport, Features, IsActive) 
VALUES
('Trial', 'Versión de prueba por 30 días', 0, 30, 2, 0, 
'{"users": 2, "customers": 10, "support": false}', 1),

('Basic', 'Plan básico mensual', 29.99, 30, 5, 0,
'{"users": 5, "customers": 50, "support": false}', 1),

('Professional', 'Plan profesional mensual', 59.99, 30, 15, 1,
'{"users": 15, "customers": 200, "support": true}', 1),

('Enterprise', 'Plan empresarial mensual', 99.99, 30, 50, 1,
'{"users": 50, "customers": "unlimited", "support": true}', 1);